,cv_auc_mean,cv_auc_std,cv_acc_mean,cv_acc_std
LogisticRegression,0.7039927702940089,0.006909689289505973,0.6947542096025345,0.0030567427529624657
DecisionTree,0.38153612115920543,0.0033412899396869688,0.4841501753831981,0.003788686647563203
RandomForest,0.5882942085404336,0.005681804211351848,0.4876742396352009,0.005018041159066955
PyTorchMLP,0.7711581179791883,0.0036207040341068386,0.6970333734687018,0.0031789849514630908
XGBoost,0.6895901323004858,0.00580310804645353,0.6057400893061131,0.006419809435840084
LightGBM,0.7355672723358296,0.005235462587482478,0.6593728535140212,0.005081954143726002
CatBoost,0.6961588237706755,0.004999777441032614,0.6117187498078692,0.00419099536402545
